{"cameraMode":{"drawMode":0,"name":"Shaded","section":"Shading Mode"},"sceneLighting":true,"audioPlay":false,"sceneViewState":{"showFog":true,"showMaterialUpdate":false,"showSkybox":true,"showFlares":true,"showImageEffects":true,"showParticleSystems":true},"in2DMode":false,"pivot":{"x":92.99444580078125,"y":-61.95956802368164,"z":-16.365251541137697},"rotation":{"x":0.18193906545639039,"y":0.7445895671844482,"z":-0.22520342469215394,"w":0.6015238761901856},"size":62.25200653076172,"orthographic":false}