{"cameraMode":{"drawMode":0,"name":"Shaded","section":"Shading Mode"},"sceneLighting":false,"audioPlay":false,"sceneViewState":{"showFog":true,"showMaterialUpdate":false,"showSkybox":false,"showFlares":true,"showImageEffects":true,"showParticleSystems":true},"in2DMode":false,"pivot":{"x":-0.14090394973754884,"y":1.1250457763671876,"z":1.3488377332687379},"rotation":{"x":-0.11000562459230423,"y":0.7386339902877808,"z":-0.12436680495738983,"w":-0.653339684009552},"size":3.907320976257324,"orthographic":false}