{"cameraMode":{"drawMode":0,"name":"Shaded","section":"Shading Mode"},"sceneLighting":true,"audioPlay":false,"sceneViewState":{"showFog":true,"showMaterialUpdate":false,"showSkybox":true,"showFlares":true,"showImageEffects":true,"showParticleSystems":true},"in2DMode":false,"pivot":{"x":-3.45401930809021,"y":5.145973205566406,"z":7.0337677001953129},"rotation":{"x":-0.017234763130545617,"y":-0.9086286425590515,"z":0.41562697291374209,"w":-0.03765631839632988},"size":1.617177963256836,"orthographic":false}