{"cameraMode":{"drawMode":0,"name":"Shaded","section":"Shading Mode"},"sceneLighting":false,"audioPlay":false,"sceneViewState":{"showFog":true,"showMaterialUpdate":false,"showSkybox":false,"showFlares":true,"showImageEffects":true,"showParticleSystems":true},"in2DMode":false,"pivot":{"x":-5.356917858123779,"y":-5.955440521240234,"z":2.3874998092651369},"rotation":{"x":-0.3087852895259857,"y":0.364287406206131,"z":-0.12943221628665925,"w":-0.8690555095672607},"size":5.597110271453857,"orthographic":false}